{
    "rmse": 8602.57336678671,
    "mae": 6567.683959107607,
    "r2": 0.5233180469827577
}